source	requested_gene	normalized_gene	normalization_note	exists	target	has_small_variants	has_sv	phenotype_method	defined_phenotype_count	defined_phenotypes	phenotype_sources	runtime_fallback_phenotype	allele_option_count	alleles	non_sv_allele_option_count	sv_allele_count	explicit_diplotype_count	implied_unordered_non_sv_diplotype_count	rsid_count	rsids	variant_row_count	variant_rows_missing_rsid_count	allele_functions
pypgx-rs	NAT2	NAT2		TRUE	TRUE	TRUE	FALSE	N/A	0			Indeterminate	18	*4;*5;*6;*7;*10;*11;*12;*13;*14;*17;*18;*19;*20;*21;*22;*23;*24;*25	18	0	0	171	16	rs1208;rs1041983;rs1799929;rs1799930;rs1799931;rs1801279;rs1801280;rs1805158;rs12720065;rs45477599;rs45618543;rs56054745;rs72466460;rs72466461;rs72554616;rs72554617	17	1	Normal Function;Unknown Function
python-pypgx	NAT2	NAT2		TRUE	TRUE	TRUE	FALSE	N/A	0			Indeterminate	18	*4;*5;*6;*7;*10;*11;*12;*13;*14;*17;*18;*19;*20;*21;*22;*23;*24;*25	18	0	0	171	16	rs1208;rs1041983;rs1799929;rs1799930;rs1799931;rs1801279;rs1801280;rs1805158;rs12720065;rs45477599;rs45618543;rs56054745;rs72466460;rs72466461;rs72554616;rs72554617	17	1	Normal Function;Unknown Function
pypgx-rs	UGT1A1	UGT1A1		TRUE	TRUE	TRUE	FALSE	Diplotype	4	Normal Metabolizer;Intermediate Metabolizer;Poor Metabolizer;Indeterminate	phenotype-table;diplotype-table	Indeterminate	9	*1;*6;*27;*28;*36;*37;*80;*80+*28;*80+*37	9	0	45	45	4	rs887829;rs4148323;rs34983651;rs35350960	6	0	Normal Function;Decreased Function;Increased Function;Unknown Function
python-pypgx	UGT1A1	UGT1A1		TRUE	TRUE	TRUE	FALSE	Diplotype	4	Normal Metabolizer;Intermediate Metabolizer;Poor Metabolizer;Indeterminate	phenotype-table;diplotype-table	Indeterminate	9	*1;*6;*27;*28;*36;*37;*80;*80+*28;*80+*37	9	0	45	45	4	rs887829;rs4148323;rs34983651;rs35350960	6	0	Normal Function;Decreased Function;Increased Function;Unknown Function
pypgx-rs	COMT	COMT		TRUE	TRUE	TRUE	FALSE	N/A	0			Indeterminate	30	Reference;rs9606186;rs2075507;rs2020917;rs13306278;rs737866;rs737865;rs933271;rs7287550;rs174675;rs5993883;rs5993882;rs5746849;rs740603;rs4646312;rs165722;rs6269;rs4633;rs6267;rs2239393;rs4818;rs4680;rs4646316;rs165774;rs174696;rs174699;rs9332377;rs165599;rs165728;rs165815	30	0	0	465	29	rs4633;rs4680;rs4818;rs6267;rs6269;rs165599;rs165722;rs165728;rs165774;rs165815;rs174675;rs174696;rs174699;rs737865;rs737866;rs740603;rs933271;rs2020917;rs2075507;rs2239393;rs4646312;rs4646316;rs5746849;rs5993882;rs5993883;rs7287550;rs9332377;rs9606186;rs13306278	29	0	Normal Function;Unknown Function
python-pypgx	COMT	COMT		TRUE	TRUE	TRUE	FALSE	N/A	0			Indeterminate	30	Reference;rs9606186;rs2075507;rs2020917;rs13306278;rs737866;rs737865;rs933271;rs7287550;rs174675;rs5993883;rs5993882;rs5746849;rs740603;rs4646312;rs165722;rs6269;rs4633;rs6267;rs2239393;rs4818;rs4680;rs4646316;rs165774;rs174696;rs174699;rs9332377;rs165599;rs165728;rs165815	30	0	0	465	29	rs4633;rs4680;rs4818;rs6267;rs6269;rs165599;rs165722;rs165728;rs165774;rs165815;rs174675;rs174696;rs174699;rs737865;rs737866;rs740603;rs933271;rs2020917;rs2075507;rs2239393;rs4646312;rs4646316;rs5746849;rs5993882;rs5993883;rs7287550;rs9332377;rs9606186;rs13306278	29	0	Normal Function;Unknown Function
pypgx-rs	IFNL3	IFNL3		TRUE	TRUE	TRUE	FALSE	Diplotype	3	Favorable Response;Unfavorable Response;Indeterminate	phenotype-table;diplotype-table	Indeterminate	4	Reference;rs12979860;rs8099917;rs12980275	4	0	10	10	3	rs8099917;rs12979860;rs12980275	3	0	Favorable Response;Unfavorable Response;Unknown Function
python-pypgx	IFNL3	IFNL3		TRUE	TRUE	TRUE	FALSE	Diplotype	3	Favorable Response;Unfavorable Response;Indeterminate	phenotype-table;diplotype-table	Indeterminate	4	Reference;rs12979860;rs8099917;rs12980275	4	0	10	10	3	rs8099917;rs12979860;rs12980275	3	0	Favorable Response;Unfavorable Response;Unknown Function
pypgx-rs	CYP1B1	CYP1B1		TRUE	TRUE	TRUE	FALSE	N/A	0			Indeterminate	22	*1;*2;*3;*4;*5;*6;*7;*8;*11;*12;*13;*14;*15;*17;*18;*19;*20;*21;*22;*23;*25;*26	22	0	0	253	19	rs10012;rs1056827;rs1056836;rs1800440;rs4986887;rs4986888;rs28936700;rs28936701;rs55771538;rs55989760;rs56010818;rs56175199;rs56305281;rs72549373;rs72549380;rs72549385;rs72549387;rs587778873;rs587778875	20	1	Unknown Function
python-pypgx	CYP1B1	CYP1B1		TRUE	TRUE	TRUE	FALSE	N/A	0			Indeterminate	22	*1;*2;*3;*4;*5;*6;*7;*8;*11;*12;*13;*14;*15;*17;*18;*19;*20;*21;*22;*23;*25;*26	22	0	0	253	19	rs10012;rs1056827;rs1056836;rs1800440;rs4986887;rs4986888;rs28936700;rs28936701;rs55771538;rs55989760;rs56010818;rs56175199;rs56305281;rs72549373;rs72549380;rs72549385;rs72549387;rs587778873;rs587778875	20	1	Unknown Function
pypgx-rs	CYP2B6	CYP2B6		TRUE	TRUE	TRUE	TRUE	Diplotype	6	Intermediate Metabolizer;Normal Metabolizer;Poor Metabolizer;Rapid Metabolizer;Ultrarapid Metabolizer;Indeterminate	phenotype-table;diplotype-table	Indeterminate	37	*1;*2;*3;*4;*5;*6;*7;*8;*9;*10;*11;*12;*13;*14;*15;*17;*18;*19;*20;*21;*22;*23;*24;*25;*26;*27;*28;*29;*30;*31;*32;*33;*34;*35;*36;*37;*38	35	2	703	630	35	rs2054675;rs2279343;rs3211369;rs3211371;rs3745274;rs3826711;rs4802101;rs8192709;rs12721655;rs28399499;rs33973337;rs34097093;rs34223104;rs34698757;rs34826503;rs34883432;rs35010098;rs35303484;rs35773040;rs35979566;rs36056539;rs36060847;rs36079186;rs45482602;rs139029625;rs139801276;rs145884402;rs186335453;rs193922917;rs193922918;rs281864907;rs373489637;rs564083989;rs750679089;rs781463375	37	1	Normal Function;Uncertain Function;Increased Function;Decreased Function;No Function;Unknown Function
python-pypgx	CYP2B6	CYP2B6		TRUE	TRUE	TRUE	TRUE	Diplotype	6	Intermediate Metabolizer;Normal Metabolizer;Poor Metabolizer;Rapid Metabolizer;Ultrarapid Metabolizer;Indeterminate	phenotype-table;diplotype-table	Indeterminate	37	*1;*2;*3;*4;*5;*6;*7;*8;*9;*10;*11;*12;*13;*14;*15;*17;*18;*19;*20;*21;*22;*23;*24;*25;*26;*27;*28;*29;*30;*31;*32;*33;*34;*35;*36;*37;*38	35	2	703	630	35	rs2054675;rs2279343;rs3211369;rs3211371;rs3745274;rs3826711;rs4802101;rs8192709;rs12721655;rs28399499;rs33973337;rs34097093;rs34223104;rs34698757;rs34826503;rs34883432;rs35010098;rs35303484;rs35773040;rs35979566;rs36056539;rs36060847;rs36079186;rs45482602;rs139029625;rs139801276;rs145884402;rs186335453;rs193922917;rs193922918;rs281864907;rs373489637;rs564083989;rs750679089;rs781463375	37	1	Normal Function;Uncertain Function;Increased Function;Decreased Function;No Function;Unknown Function
pypgx-rs	MTHFR	MTHFR		TRUE	TRUE	TRUE	FALSE	N/A	0			Indeterminate	9	Reference;rs1801131;rs1801133;rs4846051;rs1476413;rs17421511;rs17367504;rs3737967;rs2274976	9	0	0	45	8	rs1476413;rs1801131;rs1801133;rs2274976;rs3737967;rs4846051;rs17367504;rs17421511	8	0	Normal Function;Unknown Function
python-pypgx	MTHFR	MTHFR		TRUE	TRUE	TRUE	FALSE	N/A	0			Indeterminate	9	Reference;rs1801131;rs1801133;rs4846051;rs1476413;rs17421511;rs17367504;rs3737967;rs2274976	9	0	0	45	8	rs1476413;rs1801131;rs1801133;rs2274976;rs3737967;rs4846051;rs17367504;rs17421511	8	0	Normal Function;Unknown Function
pypgx-rs	CYP2D6	CYP2D6		TRUE	TRUE	TRUE	TRUE	Score	5	Ultrarapid Metabolizer;Normal Metabolizer;Intermediate Metabolizer;Poor Metabolizer;Indeterminate	phenotype-table;equation-table	Indeterminate	131	*1;*2;*3;*4;*5;*6;*7;*8;*9;*10;*11;*12;*13;*14;*15;*17;*18;*19;*20;*21;*22;*23;*24;*25;*26;*28;*29;*30;*31;*33;*34;*35;*36;*37;*38;*39;*40;*41;*42;*43;*44;*45;*46;*47;*48;*49;*50;*51;*52;*53;*54;*55;*56;*57;*58;*59;*60;*61;*62;*63;*64;*65;*68;*69;*70;*71;*72;*73;*74;*75;*81;*82;*83;*84;*85;*86;*87;*88;*89;*90;*91;*92;*93;*94;*95;*96;*97;*98;*99;*100;*101;*102;*103;*104;*105;*106;*107;*108;*109;*110;*111;*112;*113;*114;*115;*116;*117;*118;*119;*120;*121;*123;*124;*125;*126;*128;*129;*130;*132;*133;*134;*135;*136;*137;*138;*140;*141;*142;*143;*144;*145	125	6	0	7875	110	rs16947;rs764481;rs769258;rs1065852;rs1135822;rs1135823;rs1135824;rs1135825;rs1135826;rs1135828;rs1135829;rs1135833;rs1135835;rs1135840;rs2860372;rs3021084;rs3892097;rs5030655;rs5030656;rs5030862;rs5030865;rs5030867;rs28371695;rs28371696;rs28371703;rs28371704;rs28371706;rs28371710;rs28371717;rs28371725;rs28371733;rs28371735;rs35742686;rs59421388;rs61736512;rs61736517;rs72549346;rs72549347;rs72549348;rs72549349;rs72549351;rs72549352;rs72549353;rs72549354;rs72549356;rs72549358;rs74478221;rs74802369;rs75386357;rs75467367;rs76088846;rs76187628;rs77312092;rs77913725;rs78209835;rs78459009;rs78482768;rs79292917;rs118203758;rs138100349;rs141009491;rs141756339;rs148769737;rs199535154;rs201377835;rs202102799;rs267608276;rs267608279;rs267608295;rs267608297;rs267608302;rs267608308;rs267608309;rs267608310;rs267608311;rs267608313;rs267608319;rs367543000;rs369177208;rs373813287;rs374616348;rs375135093;rs377725912;rs532668079;rs535642512;rs568495591;rs569229126;rs569439709;rs730882170;rs730882251;rs745365204;rs747089665;rs748712690;rs749867663;rs751092905;rs757396767;rs763964554;rs765776661;rs766391487;rs766507177;rs773790593;rs774671100;rs781457579;rs949717872;rs1180015037;rs1406719554;rs1440526469;rs1456026511;rs1555888910;rs1931013246	129	16	Normal Function;No Function;Decreased Function;Uncertain Function;Unknown Function
python-pypgx	CYP2D6	CYP2D6		TRUE	TRUE	TRUE	TRUE	Score	5	Ultrarapid Metabolizer;Normal Metabolizer;Intermediate Metabolizer;Poor Metabolizer;Indeterminate	phenotype-table;equation-table	Indeterminate	131	*1;*2;*3;*4;*5;*6;*7;*8;*9;*10;*11;*12;*13;*14;*15;*17;*18;*19;*20;*21;*22;*23;*24;*25;*26;*28;*29;*30;*31;*33;*34;*35;*36;*37;*38;*39;*40;*41;*42;*43;*44;*45;*46;*47;*48;*49;*50;*51;*52;*53;*54;*55;*56;*57;*58;*59;*60;*61;*62;*63;*64;*65;*68;*69;*70;*71;*72;*73;*74;*75;*81;*82;*83;*84;*85;*86;*87;*88;*89;*90;*91;*92;*93;*94;*95;*96;*97;*98;*99;*100;*101;*102;*103;*104;*105;*106;*107;*108;*109;*110;*111;*112;*113;*114;*115;*116;*117;*118;*119;*120;*121;*123;*124;*125;*126;*128;*129;*130;*132;*133;*134;*135;*136;*137;*138;*140;*141;*142;*143;*144;*145	125	6	0	7875	110	rs16947;rs764481;rs769258;rs1065852;rs1135822;rs1135823;rs1135824;rs1135825;rs1135826;rs1135828;rs1135829;rs1135833;rs1135835;rs1135840;rs2860372;rs3021084;rs3892097;rs5030655;rs5030656;rs5030862;rs5030865;rs5030867;rs28371695;rs28371696;rs28371703;rs28371704;rs28371706;rs28371710;rs28371717;rs28371725;rs28371733;rs28371735;rs35742686;rs59421388;rs61736512;rs61736517;rs72549346;rs72549347;rs72549348;rs72549349;rs72549351;rs72549352;rs72549353;rs72549354;rs72549356;rs72549358;rs74478221;rs74802369;rs75386357;rs75467367;rs76088846;rs76187628;rs77312092;rs77913725;rs78209835;rs78459009;rs78482768;rs79292917;rs118203758;rs138100349;rs141009491;rs141756339;rs148769737;rs199535154;rs201377835;rs202102799;rs267608276;rs267608279;rs267608295;rs267608297;rs267608302;rs267608308;rs267608309;rs267608310;rs267608311;rs267608313;rs267608319;rs367543000;rs369177208;rs373813287;rs374616348;rs375135093;rs377725912;rs532668079;rs535642512;rs568495591;rs569229126;rs569439709;rs730882170;rs730882251;rs745365204;rs747089665;rs748712690;rs749867663;rs751092905;rs757396767;rs763964554;rs765776661;rs766391487;rs766507177;rs773790593;rs774671100;rs781457579;rs949717872;rs1180015037;rs1406719554;rs1440526469;rs1456026511;rs1555888910;rs1931013246	129	16	Normal Function;No Function;Decreased Function;Uncertain Function;Unknown Function
pypgx-rs	DPYD	DPYD		TRUE	TRUE	TRUE	FALSE	Score	3	Normal Metabolizer;Intermediate Metabolizer;Poor Metabolizer	phenotype-table;equation-table	Indeterminate	83	Reference;c.1905+1G>A (*2A);c.1898delC (*3);c.1601G>A (*4);c.1627A>G (*5);c.2194G>A (*6);c.295_298delTCAT (*7);c.703C>T (*8);c.85T>C (*9A);c.2657G>A (*9B);c.2983G>T (*10);c.1003G>T (*11);c.1156G>T (*12);c.1679T>G (*13);c.1129-5923C>G, c.1236G>A (HapB3);c.2846A>T;c.557A>G;c.62G>A;c.496A>G;c.1218G>A;c.1896T>C;c.46C>G;c.61C>T;c.313G>A;c.343A>G;c.451A>G;c.498G>A;c.601A>C;c.632A>G;c.775A>G;c.868A>G;c.929T>C;c.934C>T;c.967G>A;c.1024G>A;c.1057C>T;c.1108A>G;c.1181G>T;c.1180C>T;c.1260T>A;c.1278G>T;c.1294G>A;c.1314T>G;c.1349C>T;c.1358C>G;c.1403C>A;c.1475C>T;c.1484A>G;c.1519G>A;c.1543G>A;c.1577C>G;c.1615G>A;c.1682G>T;c.1775G>A;c.1774C>T;c.1777G>A;c.1796T>C;c.1905C>G;c.1906A>C;c.1990G>T;c.2021G>A;c.2161G>A;c.2186C>T;c.2195T>G;c.2279C>T;c.2303C>A;c.2336C>A;c.2482G>A;c.2582A>G;c.2623A>C;c.2639G>T;c.2656C>T;c.2872A>G;c.2915A>G;c.2921A>T;c.2933A>G;c.2978T>G;c.2977C>T;c.3049G>A;c.3061G>C;c.3067C>A;c.525G>A;c.1371C>T	83	0	0	3486	83	rs1801158;rs1801159;rs1801160;rs1801265;rs1801266;rs1801267;rs1801268;rs2297595;rs3918289;rs3918290;rs6670886;rs17376848;rs45589337;rs55674432;rs55886062;rs55971861;rs56005131;rs56038477;rs57918000;rs59086055;rs60139309;rs60511679;rs61622928;rs67376798;rs72547601;rs72547602;rs72549303;rs72549304;rs72549305;rs72549306;rs72549307;rs72549308;rs72549309;rs72549310;rs72975710;rs75017182;rs78060119;rs80081766;rs111858276;rs112766203;rs114096998;rs115232898;rs137999090;rs138391898;rs138545885;rs138616379;rs139459586;rs139834141;rs140114515;rs140602333;rs141044036;rs141462178;rs142512579;rs142619737;rs143154602;rs143815742;rs144395748;rs145112791;rs145529148;rs145548112;rs145773863;rs146356975;rs146529561;rs147545709;rs147601618;rs148799944;rs148994843;rs150036960;rs150385342;rs150437414;rs183385770;rs186169810;rs190951787;rs199549923;rs199634007;rs200064537;rs200562975;rs200687447;rs201018345;rs201035051;rs201615754;rs202144771;rs764666241	83	0	Normal Function;No Function;Decreased Function
python-pypgx	DPYD	DPYD		TRUE	TRUE	TRUE	FALSE	Score	3	Normal Metabolizer;Intermediate Metabolizer;Poor Metabolizer	phenotype-table;equation-table	Indeterminate	83	Reference;c.1905+1G>A (*2A);c.1898delC (*3);c.1601G>A (*4);c.1627A>G (*5);c.2194G>A (*6);c.295_298delTCAT (*7);c.703C>T (*8);c.85T>C (*9A);c.2657G>A (*9B);c.2983G>T (*10);c.1003G>T (*11);c.1156G>T (*12);c.1679T>G (*13);c.1129-5923C>G, c.1236G>A (HapB3);c.2846A>T;c.557A>G;c.62G>A;c.496A>G;c.1218G>A;c.1896T>C;c.46C>G;c.61C>T;c.313G>A;c.343A>G;c.451A>G;c.498G>A;c.601A>C;c.632A>G;c.775A>G;c.868A>G;c.929T>C;c.934C>T;c.967G>A;c.1024G>A;c.1057C>T;c.1108A>G;c.1181G>T;c.1180C>T;c.1260T>A;c.1278G>T;c.1294G>A;c.1314T>G;c.1349C>T;c.1358C>G;c.1403C>A;c.1475C>T;c.1484A>G;c.1519G>A;c.1543G>A;c.1577C>G;c.1615G>A;c.1682G>T;c.1775G>A;c.1774C>T;c.1777G>A;c.1796T>C;c.1905C>G;c.1906A>C;c.1990G>T;c.2021G>A;c.2161G>A;c.2186C>T;c.2195T>G;c.2279C>T;c.2303C>A;c.2336C>A;c.2482G>A;c.2582A>G;c.2623A>C;c.2639G>T;c.2656C>T;c.2872A>G;c.2915A>G;c.2921A>T;c.2933A>G;c.2978T>G;c.2977C>T;c.3049G>A;c.3061G>C;c.3067C>A;c.525G>A;c.1371C>T	83	0	0	3486	83	rs1801158;rs1801159;rs1801160;rs1801265;rs1801266;rs1801267;rs1801268;rs2297595;rs3918289;rs3918290;rs6670886;rs17376848;rs45589337;rs55674432;rs55886062;rs55971861;rs56005131;rs56038477;rs57918000;rs59086055;rs60139309;rs60511679;rs61622928;rs67376798;rs72547601;rs72547602;rs72549303;rs72549304;rs72549305;rs72549306;rs72549307;rs72549308;rs72549309;rs72549310;rs72975710;rs75017182;rs78060119;rs80081766;rs111858276;rs112766203;rs114096998;rs115232898;rs137999090;rs138391898;rs138545885;rs138616379;rs139459586;rs139834141;rs140114515;rs140602333;rs141044036;rs141462178;rs142512579;rs142619737;rs143154602;rs143815742;rs144395748;rs145112791;rs145529148;rs145548112;rs145773863;rs146356975;rs146529561;rs147545709;rs147601618;rs148799944;rs148994843;rs150036960;rs150385342;rs150437414;rs183385770;rs186169810;rs190951787;rs199549923;rs199634007;rs200064537;rs200562975;rs200687447;rs201018345;rs201035051;rs201615754;rs202144771;rs764666241	83	0	Normal Function;No Function;Decreased Function
pypgx-rs	CYP2C19	CYP2C19		TRUE	TRUE	TRUE	FALSE	Diplotype	8	Intermediate Metabolizer;Likely Intermediate Metabolizer;Likely Poor Metabolizer;Normal Metabolizer;Poor Metabolizer;Rapid Metabolizer;Ultrarapid Metabolizer;Indeterminate	phenotype-table;diplotype-table	Indeterminate	36	*1;*2;*3;*4;*5;*6;*7;*8;*9;*10;*11;*12;*13;*14;*15;*16;*17;*18;*19;*22;*23;*24;*25;*26;*28;*29;*30;*31;*32;*33;*34;*35;*36;*37;*38;*39	34	2	630	595	34	rs3758581;rs4244285;rs4986893;rs6413438;rs12248560;rs12769205;rs17879685;rs17882687;rs17884712;rs17885179;rs28399504;rs41291556;rs55640102;rs55752064;rs56337013;rs58973490;rs72552267;rs72558186;rs113934938;rs118203756;rs118203757;rs118203759;rs138142612;rs140278421;rs145328984;rs192154563;rs367543002;rs367543003;rs370803989;rs375781227;rs1288601658;rs1564656981;rs1564657013;rs1564660997	34	0	Normal Function;No Function;Decreased Function;Uncertain Function;Increased Function;Unknown Function
python-pypgx	CYP2C19	CYP2C19		TRUE	TRUE	TRUE	FALSE	Diplotype	8	Intermediate Metabolizer;Likely Intermediate Metabolizer;Likely Poor Metabolizer;Normal Metabolizer;Poor Metabolizer;Rapid Metabolizer;Ultrarapid Metabolizer;Indeterminate	phenotype-table;diplotype-table	Indeterminate	36	*1;*2;*3;*4;*5;*6;*7;*8;*9;*10;*11;*12;*13;*14;*15;*16;*17;*18;*19;*22;*23;*24;*25;*26;*28;*29;*30;*31;*32;*33;*34;*35;*36;*37;*38;*39	34	2	630	595	34	rs3758581;rs4244285;rs4986893;rs6413438;rs12248560;rs12769205;rs17879685;rs17882687;rs17884712;rs17885179;rs28399504;rs41291556;rs55640102;rs55752064;rs56337013;rs58973490;rs72552267;rs72558186;rs113934938;rs118203756;rs118203757;rs118203759;rs138142612;rs140278421;rs145328984;rs192154563;rs367543002;rs367543003;rs370803989;rs375781227;rs1288601658;rs1564656981;rs1564657013;rs1564660997	34	0	Normal Function;No Function;Decreased Function;Uncertain Function;Increased Function;Unknown Function
pypgx-rs	SLCO1B1	SLCO1B1		TRUE	TRUE	TRUE	FALSE	Diplotype	6	Normal Function;Decreased Function;Poor Function;Possible Decreased Function;Increased Function;Indeterminate	phenotype-table;diplotype-table	Indeterminate	44	*1;*2;*3;*4;*5;*6;*7;*8;*9;*10;*11;*12;*13;*14;*15;*16;*19;*20;*23;*24;*25;*26;*27;*28;*29;*30;*31;*32;*33;*34;*36;*37;*38;*39;*40;*41;*42;*43;*44;*45;*46;*47;*48;*49	42	2	990	903	30	rs2306282;rs2306283;rs4149056;rs11045819;rs11045852;rs11045853;rs34671512;rs55737008;rs55901008;rs56061388;rs56101265;rs56199088;rs56387224;rs59113707;rs59502379;rs71581941;rs72559745;rs72559747;rs72559748;rs74064213;rs77271279;rs79135870;rs139257324;rs140790673;rs141467543;rs142965323;rs183501729;rs200995543;rs373327528;rs1228465562	31	1	Normal Function;Uncertain Function;No Function;Increased Function;Unknown Function
python-pypgx	SLCO1B1	SLCO1B1		TRUE	TRUE	TRUE	FALSE	Diplotype	6	Normal Function;Decreased Function;Poor Function;Possible Decreased Function;Increased Function;Indeterminate	phenotype-table;diplotype-table	Indeterminate	44	*1;*2;*3;*4;*5;*6;*7;*8;*9;*10;*11;*12;*13;*14;*15;*16;*19;*20;*23;*24;*25;*26;*27;*28;*29;*30;*31;*32;*33;*34;*36;*37;*38;*39;*40;*41;*42;*43;*44;*45;*46;*47;*48;*49	42	2	990	903	30	rs2306282;rs2306283;rs4149056;rs11045819;rs11045852;rs11045853;rs34671512;rs55737008;rs55901008;rs56061388;rs56101265;rs56199088;rs56387224;rs59113707;rs59502379;rs71581941;rs72559745;rs72559747;rs72559748;rs74064213;rs77271279;rs79135870;rs139257324;rs140790673;rs141467543;rs142965323;rs183501729;rs200995543;rs373327528;rs1228465562	31	1	Normal Function;Uncertain Function;No Function;Increased Function;Unknown Function
pypgx-rs	CYP4F2	CYP4F2		TRUE	TRUE	TRUE	TRUE	N/A	0			Indeterminate	17	*1;*DEL;*2;*3;*4;*5;*6;*7;*8;*9;*10;*11;*12;*13;*14;*15;*17	16	1	0	136	14	rs2108622;rs3093105;rs3093153;rs3093200;rs4020346;rs114099324;rs114396708;rs115517770;rs138971789;rs144233412;rs144455532;rs145174239;rs145875499;rs201380574	14	0	Normal Function;Unknown Function
python-pypgx	CYP4F2	CYP4F2		TRUE	TRUE	TRUE	TRUE	N/A	0			Indeterminate	17	*1;*DEL;*2;*3;*4;*5;*6;*7;*8;*9;*10;*11;*12;*13;*14;*15;*17	16	1	0	136	14	rs2108622;rs3093105;rs3093153;rs3093200;rs4020346;rs114099324;rs114396708;rs115517770;rs138971789;rs144233412;rs144455532;rs145174239;rs145875499;rs201380574	14	0	Normal Function;Unknown Function
pypgx-rs	HTR2A	HTR2A		TRUE	TRUE	TRUE	FALSE	N/A	0			Indeterminate	3	Reference;rs7997012;rs6311	3	0	0	6	2	rs6311;rs7997012	2	0	Normal Function;Unknown Function
python-pypgx	HTR2A	HTR2A		TRUE	TRUE	TRUE	FALSE	N/A	0			Indeterminate	3	Reference;rs7997012;rs6311	3	0	0	6	2	rs6311;rs7997012	2	0	Normal Function;Unknown Function
pypgx-rs	ITPA	ITPA		TRUE	TRUE	TRUE	FALSE	N/A	0			Indeterminate	3	Reference;rs1127354;rs7270101	3	0	0	6	2	rs1127354;rs7270101	2	0	Normal Function;Unknown Function
python-pypgx	ITPA	ITPA		TRUE	TRUE	TRUE	FALSE	N/A	0			Indeterminate	3	Reference;rs1127354;rs7270101	3	0	0	6	2	rs1127354;rs7270101	2	0	Normal Function;Unknown Function
pypgx-rs	CYP2F1	CYP2F1		TRUE	TRUE	TRUE	FALSE	N/A	0			Indeterminate	6	*1;*2;*3;*4;*5;*6	6	0	0	21	7	rs305974;rs3833221;rs7246981;rs57670668;rs58285195;rs75405062;rs144315434	7	0	Normal Function;Unknown Function
python-pypgx	CYP2F1	CYP2F1		TRUE	TRUE	TRUE	FALSE	N/A	0			Indeterminate	6	*1;*2;*3;*4;*5;*6	6	0	0	21	7	rs305974;rs3833221;rs7246981;rs57670668;rs58285195;rs75405062;rs144315434	7	0	Normal Function;Unknown Function
pypgx-rs	CYP2C8	CYP2C8		TRUE	TRUE	TRUE	FALSE	N/A	0			Indeterminate	18	*1;*2;*3;*4;*5;*6;*7;*8;*9;*10;*11;*12;*13;*14;*15;*16;*17;*18	18	0	0	171	15	rs1058930;rs3832694;rs10509681;rs11572080;rs11572102;rs11572103;rs41286886;rs45438799;rs72558195;rs72558196;rs78637571;rs142886225;rs146806199;rs188934928;rs769460274	18	2	Normal Function;Unknown Function
python-pypgx	CYP2C8	CYP2C8		TRUE	TRUE	TRUE	FALSE	N/A	0			Indeterminate	18	*1;*2;*3;*4;*5;*6;*7;*8;*9;*10;*11;*12;*13;*14;*15;*16;*17;*18	18	0	0	171	15	rs1058930;rs3832694;rs10509681;rs11572080;rs11572102;rs11572103;rs41286886;rs45438799;rs72558195;rs72558196;rs78637571;rs142886225;rs146806199;rs188934928;rs769460274	18	2	Normal Function;Unknown Function
pypgx-rs	CYP 20.00	CYP2E1	normalized spreadsheet-corrupted label CYP 20.00 to CYP2E1	TRUE	TRUE	TRUE	TRUE	N/A	0			Indeterminate	8	*1;*2;*3;*4;*5;*6;*7;*S1	7	1	0	28	6	rs2031920;rs2070673;rs3813867;rs6413419;rs55897648;rs72559710	7	1	Normal Function;Decreased Function;Unknown Function
python-pypgx	CYP 20.00	CYP2E1	normalized spreadsheet-corrupted label CYP 20.00 to CYP2E1	TRUE	TRUE	TRUE	TRUE	N/A	0			Indeterminate	8	*1;*2;*3;*4;*5;*6;*7;*S1	7	1	0	28	6	rs2031920;rs2070673;rs3813867;rs6413419;rs55897648;rs72559710	7	1	Normal Function;Decreased Function;Unknown Function
pypgx-rs	ABCB1	ABCB1		TRUE	TRUE	TRUE	FALSE	N/A	0			Indeterminate	2	*1;*2	2	0	0	3	3	rs1045642;rs1128503;rs2032582	3	0	Normal Function;Increased Function
python-pypgx	ABCB1	ABCB1		TRUE	TRUE	TRUE	FALSE	N/A	0			Indeterminate	2	*1;*2	2	0	0	3	3	rs1045642;rs1128503;rs2032582	3	0	Normal Function;Increased Function
pypgx-rs	BCHE	BCHE		TRUE	TRUE	TRUE	FALSE	N/A	0			Indeterminate	3	Reference;rs1803274;rs1799807	3	0	0	6	2	rs1799807;rs1803274	2	0	Normal Function;Unknown Function
python-pypgx	BCHE	BCHE		TRUE	TRUE	TRUE	FALSE	N/A	0			Indeterminate	3	Reference;rs1803274;rs1799807	3	0	0	6	2	rs1799807;rs1803274	2	0	Normal Function;Unknown Function
pypgx-rs	CYP2A6	CYP2A6		TRUE	TRUE	TRUE	TRUE	N/A	0			Indeterminate	38	*1;*2;*4;*6;*7;*8;*9;*10;*11;*12;*13;*14;*15;*16;*17;*18;*19;*20;*21;*22;*23;*24;*25;*26;*27;*28;*31;*34;*36;*37;*38;*39;*40;*41;*42;*43;*44;*45	35	3	0	630	29	rs1801272;rs1809810;rs2839940;rs4986891;rs5031016;rs6413474;rs8192730;rs28399433;rs28399434;rs28399435;rs28399445;rs28399447;rs28399454;rs28399463;rs28399468;rs56256500;rs59552350;rs60563539;rs60605885;rs72549432;rs72549435;rs140471703;rs143690364;rs143731390;rs148166815;rs199916117;rs376817657;rs568811809;rs763469584	34	3	Normal Function;No Function;Decreased Function;Unknown Function;Uncertain Function
python-pypgx	CYP2A6	CYP2A6		TRUE	TRUE	TRUE	TRUE	N/A	0			Indeterminate	38	*1;*2;*4;*6;*7;*8;*9;*10;*11;*12;*13;*14;*15;*16;*17;*18;*19;*20;*21;*22;*23;*24;*25;*26;*27;*28;*31;*34;*36;*37;*38;*39;*40;*41;*42;*43;*44;*45	35	3	0	630	29	rs1801272;rs1809810;rs2839940;rs4986891;rs5031016;rs6413474;rs8192730;rs28399433;rs28399434;rs28399435;rs28399445;rs28399447;rs28399454;rs28399463;rs28399468;rs56256500;rs59552350;rs60563539;rs60605885;rs72549432;rs72549435;rs140471703;rs143690364;rs143731390;rs148166815;rs199916117;rs376817657;rs568811809;rs763469584	34	3	Normal Function;No Function;Decreased Function;Unknown Function;Uncertain Function
pypgx-rs	CYP2C9	CYP2C9		TRUE	TRUE	TRUE	FALSE	Score	4	Normal Metabolizer;Intermediate Metabolizer;Poor Metabolizer;Indeterminate	phenotype-table;equation-table	Indeterminate	71	*1;*2;*3;*4;*5;*6;*7;*8;*9;*10;*11;*12;*13;*14;*15;*16;*17;*18;*19;*20;*21;*22;*23;*24;*25;*26;*27;*28;*29;*30;*31;*32;*33;*34;*35;*36;*37;*38;*39;*40;*41;*42;*43;*44;*45;*46;*47;*48;*49;*50;*51;*52;*53;*54;*55;*56;*57;*58;*59;*60;*61;*62;*63;*64;*65;*66;*67;*68;*69;*70;*71	71	0	0	2556	53	rs1057910;rs1799853;rs2256871;rs7900194;rs9332130;rs9332131;rs9332239;rs12414460;rs28371685;rs28371686;rs56165452;rs57505750;rs67807361;rs72558187;rs72558189;rs72558190;rs72558192;rs72558193;rs114071557;rs141489852;rs142240658;rs182132442;rs199523631;rs200183364;rs200965026;rs202201137;rs367826293;rs371055887;rs375805362;rs542577750;rs564813580;rs578144976;rs749060448;rs750820937;rs754487195;rs762239445;rs764211126;rs767284820;rs767576260;rs769942899;rs774550549;rs774607211;rs776908257;rs781583846;rs868182778;rs988617574;rs1237225311;rs1250577724;rs1274535931;rs1304490498;rs1326630788;rs2031308986;rs2031531005	69	14	Normal Function;Decreased Function;No Function;Uncertain Function;Unknown Function
python-pypgx	CYP2C9	CYP2C9		TRUE	TRUE	TRUE	FALSE	Score	4	Normal Metabolizer;Intermediate Metabolizer;Poor Metabolizer;Indeterminate	phenotype-table;equation-table	Indeterminate	71	*1;*2;*3;*4;*5;*6;*7;*8;*9;*10;*11;*12;*13;*14;*15;*16;*17;*18;*19;*20;*21;*22;*23;*24;*25;*26;*27;*28;*29;*30;*31;*32;*33;*34;*35;*36;*37;*38;*39;*40;*41;*42;*43;*44;*45;*46;*47;*48;*49;*50;*51;*52;*53;*54;*55;*56;*57;*58;*59;*60;*61;*62;*63;*64;*65;*66;*67;*68;*69;*70;*71	71	0	0	2556	53	rs1057910;rs1799853;rs2256871;rs7900194;rs9332130;rs9332131;rs9332239;rs12414460;rs28371685;rs28371686;rs56165452;rs57505750;rs67807361;rs72558187;rs72558189;rs72558190;rs72558192;rs72558193;rs114071557;rs141489852;rs142240658;rs182132442;rs199523631;rs200183364;rs200965026;rs202201137;rs367826293;rs371055887;rs375805362;rs542577750;rs564813580;rs578144976;rs749060448;rs750820937;rs754487195;rs762239445;rs764211126;rs767284820;rs767576260;rs769942899;rs774550549;rs774607211;rs776908257;rs781583846;rs868182778;rs988617574;rs1237225311;rs1250577724;rs1274535931;rs1304490498;rs1326630788;rs2031308986;rs2031531005	69	14	Normal Function;Decreased Function;No Function;Uncertain Function;Unknown Function
pypgx-rs	ABCG2	ABCG2		TRUE	TRUE	TRUE	FALSE	Diplotype	3	Normal Function;Decreased Function;Poor Function	phenotype-table;diplotype-table	Indeterminate	2	Reference;rs2231142	2	0	3	3	1	rs2231142	1	0	Normal Function;Decreased Function
python-pypgx	ABCG2	ABCG2		TRUE	TRUE	TRUE	FALSE	Diplotype	3	Normal Function;Decreased Function;Poor Function	phenotype-table;diplotype-table	Indeterminate	2	Reference;rs2231142	2	0	3	3	1	rs2231142	1	0	Normal Function;Decreased Function
pypgx-rs	ACYP2	ACYP2		TRUE	TRUE	TRUE	FALSE	N/A	0			Indeterminate	2	Reference;rs1872328	2	0	0	3	1	rs1872328	1	0	Normal Function;Unknown Function
python-pypgx	ACYP2	ACYP2		TRUE	TRUE	TRUE	FALSE	N/A	0			Indeterminate	2	Reference;rs1872328	2	0	0	3	1	rs1872328	1	0	Normal Function;Unknown Function
pypgx-rs	ADRA2A	ADRA2A		TRUE	TRUE	TRUE	FALSE	N/A	0			Indeterminate	2	Reference;rs1800544	2	0	0	3	1	rs1800544	1	0	Normal Function;Unknown Function
python-pypgx	ADRA2A	ADRA2A		TRUE	TRUE	TRUE	FALSE	N/A	0			Indeterminate	2	Reference;rs1800544	2	0	0	3	1	rs1800544	1	0	Normal Function;Unknown Function
pypgx-rs	ADRB2	ADRB2		TRUE	TRUE	TRUE	FALSE	N/A	0			Indeterminate	2	Reference;rs1042713	2	0	0	3	1	rs1042713	1	0	Normal Function;Unknown Function
python-pypgx	ADRB2	ADRB2		TRUE	TRUE	TRUE	FALSE	N/A	0			Indeterminate	2	Reference;rs1042713	2	0	0	3	1	rs1042713	1	0	Normal Function;Unknown Function
pypgx-rs	ANKK1	ANKK1		TRUE	TRUE	TRUE	FALSE	N/A	0			Indeterminate	2	Reference;Taq1A	2	0	0	3	1	rs1800497	1	0	Normal Function;Unknown Function
python-pypgx	ANKK1	ANKK1		TRUE	TRUE	TRUE	FALSE	N/A	0			Indeterminate	2	Reference;Taq1A	2	0	0	3	1	rs1800497	1	0	Normal Function;Unknown Function
pypgx-rs	APOE	APOE		TRUE	TRUE	TRUE	FALSE	N/A	0			Indeterminate	4	Reference;E2;E3;E4	4	0	0	10	2	rs7412;rs429358	2	0	Normal Function;Unknown Function
python-pypgx	APOE	APOE		TRUE	TRUE	TRUE	FALSE	N/A	0			Indeterminate	4	Reference;E2;E3;E4	4	0	0	10	2	rs7412;rs429358	2	0	Normal Function;Unknown Function
pypgx-rs	ATM	ATM		TRUE	TRUE	TRUE	FALSE	N/A	0			Indeterminate	2	Reference;rs11212617	2	0	0	3	1	rs11212617	1	0	Normal Function;Unknown Function
python-pypgx	ATM	ATM		TRUE	TRUE	TRUE	FALSE	N/A	0			Indeterminate	2	Reference;rs11212617	2	0	0	3	1	rs11212617	1	0	Normal Function;Unknown Function
pypgx-rs	BDNF	BDNF		TRUE	TRUE	TRUE	FALSE	N/A	0			Indeterminate	2	Reference;rs6265	2	0	0	3	1	rs6265	1	0	Normal Function;Unknown Function
python-pypgx	BDNF	BDNF		TRUE	TRUE	TRUE	FALSE	N/A	0			Indeterminate	2	Reference;rs6265	2	0	0	3	1	rs6265	1	0	Normal Function;Unknown Function
pypgx-rs	CACNA1S	CACNA1S		TRUE	TRUE	TRUE	FALSE	Diplotype	2	Uncertain Susceptibility;Malignant Hyperthermia Susceptibility	phenotype-table;diplotype-table	Indeterminate	3	Reference;c.520C>T;c.3257G>A	3	0	6	6	2	rs1800559;rs772226819	2	0	Normal Function;Malignant Hyperthermia Associated
python-pypgx	CACNA1S	CACNA1S		TRUE	TRUE	TRUE	FALSE	Diplotype	2	Uncertain Susceptibility;Malignant Hyperthermia Susceptibility	phenotype-table;diplotype-table	Indeterminate	3	Reference;c.520C>T;c.3257G>A	3	0	6	6	2	rs1800559;rs772226819	2	0	Normal Function;Malignant Hyperthermia Associated
pypgx-rs	CFTR	CFTR		TRUE	TRUE	TRUE	FALSE	Diplotype	3	Favorable Response;Unfavorable Response;Indeterminate	phenotype-table;diplotype-table	Indeterminate	41	Reference;F508del;2789+5G->A;3272-26A->G;3849+10kbC->T;711+3A->G;A1067T;A455E;D110E;D110H;D1152H;D1270N;D579G;E193K;E56K;E831X;F1052V;F1074L;G1069R;G1244E;G1349D;G178R;G551D;G551S;K1060T;L206W;P67L;R1070Q;R1070W;R117C;R117H;R347H;R352Q;R74W;S1251N;S1255P;S549N;S549R(A>C);S549R(T>G);S945L;S977F	41	0	861	861	40	rs11971167;rs74503330;rs74551128;rs75039782;rs75527207;rs75541969;rs76151804;rs77834169;rs77932196;rs78655421;rs78769542;rs80224560;rs80282562;rs113993958;rs113993960;rs115545701;rs121908752;rs121908753;rs121908755;rs121908757;rs121909005;rs121909013;rs121909020;rs121909041;rs141033578;rs150212784;rs186045772;rs193922525;rs200321110;rs202179988;rs267606723;rs368505753;rs397508256;rs397508288;rs397508387;rs397508442;rs397508513;rs397508537;rs397508759;rs397508761	40	0	Normal Function;Unknown Function
python-pypgx	CFTR	CFTR		TRUE	TRUE	TRUE	FALSE	Diplotype	3	Favorable Response;Unfavorable Response;Indeterminate	phenotype-table;diplotype-table	Indeterminate	41	Reference;F508del;2789+5G->A;3272-26A->G;3849+10kbC->T;711+3A->G;A1067T;A455E;D110E;D110H;D1152H;D1270N;D579G;E193K;E56K;E831X;F1052V;F1074L;G1069R;G1244E;G1349D;G178R;G551D;G551S;K1060T;L206W;P67L;R1070Q;R1070W;R117C;R117H;R347H;R352Q;R74W;S1251N;S1255P;S549N;S549R(A>C);S549R(T>G);S945L;S977F	41	0	861	861	40	rs11971167;rs74503330;rs74551128;rs75039782;rs75527207;rs75541969;rs76151804;rs77834169;rs77932196;rs78655421;rs78769542;rs80224560;rs80282562;rs113993958;rs113993960;rs115545701;rs121908752;rs121908753;rs121908755;rs121908757;rs121909005;rs121909013;rs121909020;rs121909041;rs141033578;rs150212784;rs186045772;rs193922525;rs200321110;rs202179988;rs267606723;rs368505753;rs397508256;rs397508288;rs397508387;rs397508442;rs397508513;rs397508537;rs397508759;rs397508761	40	0	Normal Function;Unknown Function
pypgx-rs	CYP1A1	CYP1A1		TRUE	TRUE	TRUE	FALSE	N/A	0			Indeterminate	15	*1;*2A;*2B;*2C;*3;*4;*5;*6;*7;*8;*9;*10;*11;*12;*13	15	0	0	120	12	rs1048943;rs1799814;rs1800031;rs4646422;rs4646903;rs28399430;rs41279188;rs56240201;rs56313657;rs72547509;rs72547510;rs143070677	13	0	Normal Function;Unknown Function
python-pypgx	CYP1A1	CYP1A1		TRUE	TRUE	TRUE	FALSE	N/A	0			Indeterminate	15	*1;*2A;*2B;*2C;*3;*4;*5;*6;*7;*8;*9;*10;*11;*12;*13	15	0	0	120	12	rs1048943;rs1799814;rs1800031;rs4646422;rs4646903;rs28399430;rs41279188;rs56240201;rs56313657;rs72547509;rs72547510;rs143070677	13	0	Normal Function;Unknown Function
pypgx-rs	CYP1A2	CYP1A2		TRUE	TRUE	TRUE	FALSE	N/A	0			Indeterminate	25	*1A;*1C;*1F;*1K;*1L;*2;*3;*4;*5;*6;*7;*8;*9;*10;*11;*12;*13;*14;*15;*16;*17;*18;*19;*20;*21	25	0	0	325	25	rs762551;rs2069514;rs2069526;rs12720461;rs17861157;rs28399424;rs35694136;rs35796837;rs45486893;rs55889066;rs56107638;rs56160784;rs56276455;rs72547511;rs72547512;rs72547513;rs72547515;rs72547516;rs72547517;rs138652540;rs143193369;rs144148965;rs149928755;rs374094758;rs758748797	26	1	Normal Function;Decreased Function;Increased Function;Unknown Function
python-pypgx	CYP1A2	CYP1A2		TRUE	TRUE	TRUE	FALSE	N/A	0			Indeterminate	25	*1A;*1C;*1F;*1K;*1L;*2;*3;*4;*5;*6;*7;*8;*9;*10;*11;*12;*13;*14;*15;*16;*17;*18;*19;*20;*21	25	0	0	325	25	rs762551;rs2069514;rs2069526;rs12720461;rs17861157;rs28399424;rs35694136;rs35796837;rs45486893;rs55889066;rs56107638;rs56160784;rs56276455;rs72547511;rs72547512;rs72547513;rs72547515;rs72547516;rs72547517;rs138652540;rs143193369;rs144148965;rs149928755;rs374094758;rs758748797	26	1	Normal Function;Decreased Function;Increased Function;Unknown Function
pypgx-rs	CYP2A13	CYP2A13		TRUE	TRUE	TRUE	FALSE	N/A	0			Indeterminate	10	*1;*2;*3;*4;*5;*6;*7;*8;*9;*10	10	0	0	55	9	rs8192784;rs8192789;rs57082577;rs72547590;rs72552266;rs112337232;rs138870349;rs148044792;rs761528278	10	1	Normal Function;Unknown Function
python-pypgx	CYP2A13	CYP2A13		TRUE	TRUE	TRUE	FALSE	N/A	0			Indeterminate	10	*1;*2;*3;*4;*5;*6;*7;*8;*9;*10	10	0	0	55	9	rs8192784;rs8192789;rs57082577;rs72547590;rs72552266;rs112337232;rs138870349;rs148044792;rs761528278	10	1	Normal Function;Unknown Function
pypgx-rs	CYP2J2	CYP2J2		TRUE	TRUE	TRUE	FALSE	N/A	0			Indeterminate	10	*1;*2;*3;*4;*5;*6;*7;*8;*9;*10	10	0	0	55	9	rs890293;rs55753213;rs56053398;rs56307989;rs66515830;rs72547598;rs148429756;rs150461093;rs1644461311	9	0	Normal Function;Unknown Function
python-pypgx	CYP2J2	CYP2J2		TRUE	TRUE	TRUE	FALSE	N/A	0			Indeterminate	10	*1;*2;*3;*4;*5;*6;*7;*8;*9;*10	10	0	0	55	9	rs890293;rs55753213;rs56053398;rs56307989;rs66515830;rs72547598;rs148429756;rs150461093;rs1644461311	9	0	Normal Function;Unknown Function
pypgx-rs	CYP2R1	CYP2R1		TRUE	TRUE	TRUE	FALSE	N/A	0			Indeterminate	2	*1;*2	2	0	0	3	1	rs61495246	1	0	Normal Function;Unknown Function
python-pypgx	CYP2R1	CYP2R1		TRUE	TRUE	TRUE	FALSE	N/A	0			Indeterminate	2	*1;*2	2	0	0	3	1	rs61495246	1	0	Normal Function;Unknown Function
pypgx-rs	CYP2S1	CYP2S1		TRUE	TRUE	TRUE	FALSE	N/A	0			Indeterminate	5	*1;*2;*3;*4;*5	5	0	0	15	4	rs8192795;rs34971233;rs72547592;rs200051547	4	0	Normal Function;Unknown Function
python-pypgx	CYP2S1	CYP2S1		TRUE	TRUE	TRUE	FALSE	N/A	0			Indeterminate	5	*1;*2;*3;*4;*5	5	0	0	15	4	rs8192795;rs34971233;rs72547592;rs200051547	4	0	Normal Function;Unknown Function
pypgx-rs	CYP2W1	CYP2W1		TRUE	TRUE	TRUE	FALSE	N/A	0			Indeterminate	6	*1;*2;*3;*4;*5;*6	6	0	0	21	6	rs2272375;rs3735684;rs3808348;rs78873069;rs773499447;rs1316523256	6	0	Normal Function;Unknown Function
python-pypgx	CYP2W1	CYP2W1		TRUE	TRUE	TRUE	FALSE	N/A	0			Indeterminate	6	*1;*2;*3;*4;*5;*6	6	0	0	21	6	rs2272375;rs3735684;rs3808348;rs78873069;rs773499447;rs1316523256	6	0	Normal Function;Unknown Function
pypgx-rs	CYP3A4	CYP3A4		TRUE	TRUE	TRUE	FALSE	N/A	0			Indeterminate	33	*1;*2;*3;*4;*5;*6;*7;*8;*9;*10;*11;*12;*13;*14;*15;*16;*17;*18;*19;*20;*21;*22;*23;*24;*26;*28;*29;*30;*31;*32;*33;*34;*35	33	0	0	561	32	rs4646438;rs4986907;rs4986908;rs4986909;rs4986910;rs4986913;rs4987161;rs12721627;rs12721629;rs12721634;rs28371759;rs35599367;rs55785340;rs55901263;rs55951658;rs56324128;rs57409622;rs67666821;rs67784355;rs72552798;rs72552799;rs113667357;rs138105638;rs188389063;rs201821708;rs368296206;rs570051168;rs756833413;rs774109750;rs778013004;rs1303250043;rs1449865051	32	0	Normal Function;Unknown Function
python-pypgx	CYP3A4	CYP3A4		TRUE	TRUE	TRUE	FALSE	N/A	0			Indeterminate	33	*1;*2;*3;*4;*5;*6;*7;*8;*9;*10;*11;*12;*13;*14;*15;*16;*17;*18;*19;*20;*21;*22;*23;*24;*26;*28;*29;*30;*31;*32;*33;*34;*35	33	0	0	561	32	rs4646438;rs4986907;rs4986908;rs4986909;rs4986910;rs4986913;rs4987161;rs12721627;rs12721629;rs12721634;rs28371759;rs35599367;rs55785340;rs55901263;rs55951658;rs56324128;rs57409622;rs67666821;rs67784355;rs72552798;rs72552799;rs113667357;rs138105638;rs188389063;rs201821708;rs368296206;rs570051168;rs756833413;rs774109750;rs778013004;rs1303250043;rs1449865051	32	0	Normal Function;Unknown Function
pypgx-rs	CYP3A5	CYP3A5		TRUE	TRUE	TRUE	FALSE	Diplotype	5	Normal Metabolizer;Intermediate Metabolizer;Possible Intermediate Metabolizer;Poor Metabolizer;Indeterminate	phenotype-table;diplotype-table	Indeterminate	9	*1;*2;*3;*4;*5;*6;*7;*8;*9	9	0	45	45	8	rs776746;rs10264272;rs28365083;rs28383479;rs41303343;rs55817950;rs55965422;rs56411402	8	0	Normal Function;Unknown Function;No Function
python-pypgx	CYP3A5	CYP3A5		TRUE	TRUE	TRUE	FALSE	Diplotype	5	Normal Metabolizer;Intermediate Metabolizer;Possible Intermediate Metabolizer;Poor Metabolizer;Indeterminate	phenotype-table;diplotype-table	Indeterminate	9	*1;*2;*3;*4;*5;*6;*7;*8;*9	9	0	45	45	8	rs776746;rs10264272;rs28365083;rs28383479;rs41303343;rs55817950;rs55965422;rs56411402	8	0	Normal Function;Unknown Function;No Function
pypgx-rs	CYP3A7	CYP3A7		TRUE	TRUE	TRUE	FALSE	N/A	0			Indeterminate	3	*1;*2;*3	3	0	0	6	2	rs2257401;rs755093770	2	0	Normal Function;Unknown Function
python-pypgx	CYP3A7	CYP3A7		TRUE	TRUE	TRUE	FALSE	N/A	0			Indeterminate	3	*1;*2;*3	3	0	0	6	2	rs2257401;rs755093770	2	0	Normal Function;Unknown Function
pypgx-rs	CYP3A43	CYP3A43		TRUE	TRUE	TRUE	FALSE	N/A	0			Indeterminate	3	*1;*2;*3	3	0	0	6	2	rs680055;rs61469810	2	0	Normal Function;Unknown Function
python-pypgx	CYP3A43	CYP3A43		TRUE	TRUE	TRUE	FALSE	N/A	0			Indeterminate	3	*1;*2;*3	3	0	0	6	2	rs680055;rs61469810	2	0	Normal Function;Unknown Function
pypgx-rs	CYP4A11	CYP4A11		TRUE	TRUE	TRUE	FALSE	N/A	0			Indeterminate	3	*1;F434S;S353G	3	0	0	6	2	rs1126742;rs3899049	2	0	Normal Function;Decreased Function;Unknown Function
python-pypgx	CYP4A11	CYP4A11		TRUE	TRUE	TRUE	FALSE	N/A	0			Indeterminate	3	*1;F434S;S353G	3	0	0	6	2	rs1126742;rs3899049	2	0	Normal Function;Decreased Function;Unknown Function
pypgx-rs	CYP4A22	CYP4A22		TRUE	TRUE	TRUE	FALSE	N/A	0			Indeterminate	15	*1;*2;*3;*4;*5;*6;*7;*8;*9;*10;*11;*12;*13;*14;*15	15	0	0	120	13	rs968322;rs2056899;rs2056900;rs2405593;rs2405599;rs4926581;rs4926600;rs6661132;rs10789501;rs12564525;rs76011927;rs201802480;rs570554271	13	0	Normal Function;Unknown Function
python-pypgx	CYP4A22	CYP4A22		TRUE	TRUE	TRUE	FALSE	N/A	0			Indeterminate	15	*1;*2;*3;*4;*5;*6;*7;*8;*9;*10;*11;*12;*13;*14;*15	15	0	0	120	13	rs968322;rs2056899;rs2056900;rs2405593;rs2405599;rs4926581;rs4926600;rs6661132;rs10789501;rs12564525;rs76011927;rs201802480;rs570554271	13	0	Normal Function;Unknown Function
pypgx-rs	CYP4B1	CYP4B1		TRUE	TRUE	TRUE	FALSE	N/A	0			Indeterminate	6	*1;*2;*3;*4;*5;*6	6	0	0	21	4	rs2297810;rs3215983;rs4646487;rs45467195	5	1	Normal Function;Unknown Function
python-pypgx	CYP4B1	CYP4B1		TRUE	TRUE	TRUE	FALSE	N/A	0			Indeterminate	6	*1;*2;*3;*4;*5;*6	6	0	0	21	4	rs2297810;rs3215983;rs4646487;rs45467195	5	1	Normal Function;Unknown Function
pypgx-rs	CYP19A1	CYP19A1		TRUE	TRUE	TRUE	FALSE	N/A	0			Indeterminate	5	*1;*2;*3;*4;*5	5	0	0	15	4	rs700519;rs2236722;rs28757184;rs56658716	4	0	Normal Function;Decreased Function;Unknown Function
python-pypgx	CYP19A1	CYP19A1		TRUE	TRUE	TRUE	FALSE	N/A	0			Indeterminate	5	*1;*2;*3;*4;*5	5	0	0	15	4	rs700519;rs2236722;rs28757184;rs56658716	4	0	Normal Function;Decreased Function;Unknown Function
pypgx-rs	CYP26A1	CYP26A1		TRUE	TRUE	TRUE	FALSE	N/A	0			Indeterminate	4	*1;*2;*3;*4	4	0	0	10	3	rs61735552;rs146619916;rs1376885914	3	0	Normal Function;Unknown Function
python-pypgx	CYP26A1	CYP26A1		TRUE	TRUE	TRUE	FALSE	N/A	0			Indeterminate	4	*1;*2;*3;*4	4	0	0	10	3	rs61735552;rs146619916;rs1376885914	3	0	Normal Function;Unknown Function
pypgx-rs	DBH	DBH		TRUE	TRUE	TRUE	FALSE	N/A	0			Indeterminate	2	Reference;rs1611115	2	0	0	3	1	rs1611115	1	0	Normal Function;Unknown Function
python-pypgx	DBH	DBH		TRUE	TRUE	TRUE	FALSE	N/A	0			Indeterminate	2	Reference;rs1611115	2	0	0	3	1	rs1611115	1	0	Normal Function;Unknown Function
pypgx-rs	DRD2	DRD2		TRUE	TRUE	TRUE	FALSE	N/A	0			Indeterminate	2	Reference;rs1799978	2	0	0	3	1	rs1799978	1	0	Normal Function;Unknown Function
python-pypgx	DRD2	DRD2		TRUE	TRUE	TRUE	FALSE	N/A	0			Indeterminate	2	Reference;rs1799978	2	0	0	3	1	rs1799978	1	0	Normal Function;Unknown Function
pypgx-rs	F2	F2		TRUE	TRUE	TRUE	FALSE	N/A	0			Indeterminate	2	Reference;G20210A	2	0	0	3	1	rs1799963	1	0	Normal Function;Unknown Function
python-pypgx	F2	F2		TRUE	TRUE	TRUE	FALSE	N/A	0			Indeterminate	2	Reference;G20210A	2	0	0	3	1	rs1799963	1	0	Normal Function;Unknown Function
pypgx-rs	F5	F5		TRUE	TRUE	TRUE	FALSE	Diplotype	2	Favorable Response;Unfavorable Response	phenotype-table;diplotype-table	Indeterminate	2	Reference;Leiden	2	0	3	3	1	rs6025	1	0	Normal Function;Unknown Function
python-pypgx	F5	F5		TRUE	TRUE	TRUE	FALSE	Diplotype	2	Favorable Response;Unfavorable Response	phenotype-table;diplotype-table	Indeterminate	2	Reference;Leiden	2	0	3	3	1	rs6025	1	0	Normal Function;Unknown Function
pypgx-rs	G6PD	G6PD		TRUE	TRUE	TRUE	TRUE	Diplotype	5	G6PD Normal;G6PD Deficient with CNSHA;G6PD Variable;G6PD Deficient;G6PD Indeterminate	phenotype-table;diplotype-table	Indeterminate	188	B (reference);MALE;A;A- 202A_376G;A- 680T_376G;A- 968C_376G;Santa Maria;Sierra Leone;Canton, Taiwan-Hakka, Gifu-like, Agrigento-like;Asahi;Mediterranean Haplotype;Mediterranean, Dallas, Panama, Sassari, Cagliari, Birmingham;202G>A_376A>G_1264C>G;Mt Sinai;Acrokorinthos;Ananindeua;Alhambra;Andalus;Beverly Hills, Genova, Iwate, Niigata, Yamaguchi;Cassano;Chatham;Taipei, Chinese-3;Quing Yan;Coimbra Shunde;Cosenza;Fushan;Guadalajara;Ilesha;Iowa, Walter Reed, Springfield;Kaiping, Anant, Dhon, Sapporo-like, Wosera;Kalyan-Kerala, Jamnaga, Rohini;Lagosanto;Mahidol;Cincinnati;Metaponto;Minnesota, Marion, Gastonia, LeJeune;Nara;Nashville, Anaheim, Portici;Olomouc;Pawnee;Plymouth;Praha;Puerto Limon;Santiago;Santiago de Cuba, Morioka;Sao Borja;Shinshu;Sibari;Telti, Kobe;Tomah;Ube Konan;Union,Maewo, Chinese-2, Kalo;Viangchan, Jammu;West Virginia;Honiara;Sunderland;Kozukata;Amsterdam;Swansea;Urayasu;Vancouver;Volendam;Chikugo;Tsukui;Pedoplis-Ckaro;Harilaou;North Dallas;Asahikawa;Durham;Stonybrook;Wayne;Aveiro;Cleveland Corum;Lille;Bangkok;Sugao;La Jolla;Wexham;Piotrkow;Omiya;Manhattan;Rehevot;Villeurbanne;Torun;Iwatsuki;Serres;Tondela;Loma Linda;Aachen;Tenri;Montpellier;Calvo Mackenna;Riley;Lynwood;Madrid;Hartford;Krakow;Wisconsin;Bari;Covao do Lobo;Clinic;Utrecht;Suwalki;Riverside;Japan, Shinagawa;Kawasaki;Munich;Georgia;Sumare;Harima;Figuera da Foz;Amiens;Bangkok Noi;Fukaya;Campinas;Buenos Aires;Arakawa;Brighton;Kamogawa;Costanzo;Amazonia;Songklanagarind;Hechi;Namouru;Bao Loc;Crispim;Vanua Lava;Valladolid;Belem;Liuzhou;Shenzen;Toledo;Naone;Nankang;Miaoli;Nilgiri;Radlowo;Roubaix;Haikou;Chinese-1;Mizushima;Osaka;Seoul;Ludhiana;Partenope;Ierapetra;Anadia;Abeno;Surabaya;S. Antioco;Hermoupolis;Flores;Sinnai;Lages;Gaohe;Rignano;Orissa;Aures;Kambos;Palestrina;Musashino;Murcia Oristano;Guangzhou;Hammersmith;Salerno Pyrgos;Tokyo, Fukushima;Malaga;Mexico City;Nanning;Seattle, Lodi, Modena, Ferrara II, Athens-like;Bajo Maumere;Montalbano;Chinese-5;Nice;Kamiube, Keelung;Neapolis;Split;No name;Gidra;Cairo;Gond;Dagua;Papua;Yunan;Laibin;Insuli;Mira d'Aire;Farroupilha	187	1	17765	17578	77	rs1050828;rs1050829;rs2230037;rs5030868;rs5030869;rs5030870;rs5030872;rs34193178;rs72554664;rs72554665;rs74575103;rs76645461;rs76723693;rs78365220;rs78478128;rs137852313;rs137852314;rs137852315;rs137852316;rs137852317;rs137852318;rs137852319;rs137852320;rs137852321;rs137852322;rs137852323;rs137852324;rs137852325;rs137852326;rs137852327;rs137852328;rs137852329;rs137852330;rs137852331;rs137852332;rs137852333;rs137852334;rs137852335;rs137852336;rs137852337;rs137852338;rs137852339;rs137852340;rs137852341;rs137852342;rs137852343;rs137852344;rs137852345;rs137852346;rs137852347;rs137852348;rs137852349;rs138687036;rs181277621;rs192737996;rs200111236;rs267606835;rs267606836;rs370918918;rs371489738;rs398123544;rs398123546;rs781865768;rs782098548;rs782308266;rs782322505;rs782487723;rs782608284;rs782754619;rs782757170;rs797043472;rs868950643;rs979416826;rs1163458456;rs1191977862;rs1273138455;rs1379306569	183	99	Class IV (Normal);Sex Chromosome;Class III (Deficient);Class II (Deficient);Class I (Deficient with CNSHA);Unknown Function
python-pypgx	G6PD	G6PD		TRUE	TRUE	TRUE	TRUE	Diplotype	5	G6PD Normal;G6PD Deficient with CNSHA;G6PD Variable;G6PD Deficient;G6PD Indeterminate	phenotype-table;diplotype-table	Indeterminate	188	B (reference);MALE;A;A- 202A_376G;A- 680T_376G;A- 968C_376G;Santa Maria;Sierra Leone;Canton, Taiwan-Hakka, Gifu-like, Agrigento-like;Asahi;Mediterranean Haplotype;Mediterranean, Dallas, Panama, Sassari, Cagliari, Birmingham;202G>A_376A>G_1264C>G;Mt Sinai;Acrokorinthos;Ananindeua;Alhambra;Andalus;Beverly Hills, Genova, Iwate, Niigata, Yamaguchi;Cassano;Chatham;Taipei, Chinese-3;Quing Yan;Coimbra Shunde;Cosenza;Fushan;Guadalajara;Ilesha;Iowa, Walter Reed, Springfield;Kaiping, Anant, Dhon, Sapporo-like, Wosera;Kalyan-Kerala, Jamnaga, Rohini;Lagosanto;Mahidol;Cincinnati;Metaponto;Minnesota, Marion, Gastonia, LeJeune;Nara;Nashville, Anaheim, Portici;Olomouc;Pawnee;Plymouth;Praha;Puerto Limon;Santiago;Santiago de Cuba, Morioka;Sao Borja;Shinshu;Sibari;Telti, Kobe;Tomah;Ube Konan;Union,Maewo, Chinese-2, Kalo;Viangchan, Jammu;West Virginia;Honiara;Sunderland;Kozukata;Amsterdam;Swansea;Urayasu;Vancouver;Volendam;Chikugo;Tsukui;Pedoplis-Ckaro;Harilaou;North Dallas;Asahikawa;Durham;Stonybrook;Wayne;Aveiro;Cleveland Corum;Lille;Bangkok;Sugao;La Jolla;Wexham;Piotrkow;Omiya;Manhattan;Rehevot;Villeurbanne;Torun;Iwatsuki;Serres;Tondela;Loma Linda;Aachen;Tenri;Montpellier;Calvo Mackenna;Riley;Lynwood;Madrid;Hartford;Krakow;Wisconsin;Bari;Covao do Lobo;Clinic;Utrecht;Suwalki;Riverside;Japan, Shinagawa;Kawasaki;Munich;Georgia;Sumare;Harima;Figuera da Foz;Amiens;Bangkok Noi;Fukaya;Campinas;Buenos Aires;Arakawa;Brighton;Kamogawa;Costanzo;Amazonia;Songklanagarind;Hechi;Namouru;Bao Loc;Crispim;Vanua Lava;Valladolid;Belem;Liuzhou;Shenzen;Toledo;Naone;Nankang;Miaoli;Nilgiri;Radlowo;Roubaix;Haikou;Chinese-1;Mizushima;Osaka;Seoul;Ludhiana;Partenope;Ierapetra;Anadia;Abeno;Surabaya;S. Antioco;Hermoupolis;Flores;Sinnai;Lages;Gaohe;Rignano;Orissa;Aures;Kambos;Palestrina;Musashino;Murcia Oristano;Guangzhou;Hammersmith;Salerno Pyrgos;Tokyo, Fukushima;Malaga;Mexico City;Nanning;Seattle, Lodi, Modena, Ferrara II, Athens-like;Bajo Maumere;Montalbano;Chinese-5;Nice;Kamiube, Keelung;Neapolis;Split;No name;Gidra;Cairo;Gond;Dagua;Papua;Yunan;Laibin;Insuli;Mira d'Aire;Farroupilha	187	1	17765	17578	77	rs1050828;rs1050829;rs2230037;rs5030868;rs5030869;rs5030870;rs5030872;rs34193178;rs72554664;rs72554665;rs74575103;rs76645461;rs76723693;rs78365220;rs78478128;rs137852313;rs137852314;rs137852315;rs137852316;rs137852317;rs137852318;rs137852319;rs137852320;rs137852321;rs137852322;rs137852323;rs137852324;rs137852325;rs137852326;rs137852327;rs137852328;rs137852329;rs137852330;rs137852331;rs137852332;rs137852333;rs137852334;rs137852335;rs137852336;rs137852337;rs137852338;rs137852339;rs137852340;rs137852341;rs137852342;rs137852343;rs137852344;rs137852345;rs137852346;rs137852347;rs137852348;rs137852349;rs138687036;rs181277621;rs192737996;rs200111236;rs267606835;rs267606836;rs370918918;rs371489738;rs398123544;rs398123546;rs781865768;rs782098548;rs782308266;rs782322505;rs782487723;rs782608284;rs782754619;rs782757170;rs797043472;rs868950643;rs979416826;rs1163458456;rs1191977862;rs1273138455;rs1379306569	183	99	Class IV (Normal);Sex Chromosome;Class III (Deficient);Class II (Deficient);Class I (Deficient with CNSHA);Unknown Function
pypgx-rs	GRIK1	GRIK1		TRUE	TRUE	TRUE	FALSE	N/A	0			Indeterminate	2	Reference;rs2832407	2	0	0	3	1	rs2832407	1	0	Normal Function;Unknown Function
python-pypgx	GRIK1	GRIK1		TRUE	TRUE	TRUE	FALSE	N/A	0			Indeterminate	2	Reference;rs2832407	2	0	0	3	1	rs2832407	1	0	Normal Function;Unknown Function
pypgx-rs	GRIK4	GRIK4		TRUE	TRUE	TRUE	FALSE	N/A	0			Indeterminate	2	Reference;rs1954787	2	0	0	3	1	rs1954787	1	0	Normal Function;Unknown Function
python-pypgx	GRIK4	GRIK4		TRUE	TRUE	TRUE	FALSE	N/A	0			Indeterminate	2	Reference;rs1954787	2	0	0	3	1	rs1954787	1	0	Normal Function;Unknown Function
pypgx-rs	GRIN2B	GRIN2B		TRUE	TRUE	TRUE	FALSE	N/A	0			Indeterminate	2	Reference;rs2058878	2	0	0	3	1	rs2058878	1	0	Normal Function;Unknown Function
python-pypgx	GRIN2B	GRIN2B		TRUE	TRUE	TRUE	FALSE	N/A	0			Indeterminate	2	Reference;rs2058878	2	0	0	3	1	rs2058878	1	0	Normal Function;Unknown Function
pypgx-rs	GSTM1	GSTM1		TRUE	TRUE	TRUE	TRUE	N/A	0			Indeterminate	3	*A;*0;*B	2	1	0	3	1	rs1065411	1	0	Normal Function;No Function;Unknown Function
python-pypgx	GSTM1	GSTM1		TRUE	TRUE	TRUE	TRUE	N/A	0			Indeterminate	3	*A;*0;*B	2	1	0	3	1	rs1065411	1	0	Normal Function;No Function;Unknown Function
pypgx-rs	GSTP1	GSTP1		TRUE	TRUE	TRUE	FALSE	N/A	0			Indeterminate	4	*A;*B;*C;*D	4	0	0	10	2	rs1695;rs1138272	2	0	Normal Function;Unknown Function
python-pypgx	GSTP1	GSTP1		TRUE	TRUE	TRUE	FALSE	N/A	0			Indeterminate	4	*A;*B;*C;*D	4	0	0	10	2	rs1695;rs1138272	2	0	Normal Function;Unknown Function
pypgx-rs	HTR1A	HTR1A		TRUE	TRUE	TRUE	FALSE	N/A	0			Indeterminate	2	Reference;rs6295	2	0	0	3	1	rs6295	1	0	Normal Function;Unknown Function
python-pypgx	HTR1A	HTR1A		TRUE	TRUE	TRUE	FALSE	N/A	0			Indeterminate	2	Reference;rs6295	2	0	0	3	1	rs6295	1	0	Normal Function;Unknown Function
pypgx-rs	IFNL4	IFNL4		TRUE	TRUE	TRUE	FALSE	N/A	0			Indeterminate	2	Reference;rs12979860	2	0	0	3	1	rs12979860	1	0	Normal Function;Unknown Function
python-pypgx	IFNL4	IFNL4		TRUE	TRUE	TRUE	FALSE	N/A	0			Indeterminate	2	Reference;rs12979860	2	0	0	3	1	rs12979860	1	0	Normal Function;Unknown Function
pypgx-rs	ITGB3	ITGB3		TRUE	TRUE	TRUE	FALSE	N/A	0			Indeterminate	2	Reference;rs5918	2	0	0	3	1	rs5918	1	0	Normal Function;Unknown Function
python-pypgx	ITGB3	ITGB3		TRUE	TRUE	TRUE	FALSE	N/A	0			Indeterminate	2	Reference;rs5918	2	0	0	3	1	rs5918	1	0	Normal Function;Unknown Function
pypgx-rs	NAT1	NAT1		TRUE	TRUE	TRUE	FALSE	N/A	0			Indeterminate	11	*4;*11;*14;*15;*17;*19;*21;*22;*24;*25;*30	11	0	0	66	10	rs4986782;rs4986783;rs4987076;rs5030839;rs56172717;rs56318881;rs56379106;rs72554609;rs72554610;rs72554611	10	0	Normal Function;Unknown Function
python-pypgx	NAT1	NAT1		TRUE	TRUE	TRUE	FALSE	N/A	0			Indeterminate	11	*4;*11;*14;*15;*17;*19;*21;*22;*24;*25;*30	11	0	0	66	10	rs4986782;rs4986783;rs4987076;rs5030839;rs56172717;rs56318881;rs56379106;rs72554609;rs72554610;rs72554611	10	0	Normal Function;Unknown Function
pypgx-rs	NUDT15	NUDT15		TRUE	TRUE	TRUE	FALSE	Diplotype	5	Possible Intermediate Metabolizer;Poor Metabolizer;Normal Metabolizer;Intermediate Metabolizer;Indeterminate	phenotype-table;diplotype-table	Indeterminate	20	*1;*2;*3;*4;*5;*6;*7;*8;*9;*10;*11;*12;*13;*14;*15;*16;*17;*18;*19;*20	20	0	45	210	15	rs116855232;rs139551410;rs147390019;rs149436418;rs186364861;rs746071566;rs761191455;rs766023281;rs768324690;rs769369441;rs777311140;rs1202487323;rs1368252918;rs1457579126;rs1950545307	18	2	Normal Function;No Function;Uncertain Function
python-pypgx	NUDT15	NUDT15		TRUE	TRUE	TRUE	FALSE	Diplotype	5	Possible Intermediate Metabolizer;Poor Metabolizer;Normal Metabolizer;Intermediate Metabolizer;Indeterminate	phenotype-table;diplotype-table	Indeterminate	20	*1;*2;*3;*4;*5;*6;*7;*8;*9;*10;*11;*12;*13;*14;*15;*16;*17;*18;*19;*20	20	0	45	210	15	rs116855232;rs139551410;rs147390019;rs149436418;rs186364861;rs746071566;rs761191455;rs766023281;rs768324690;rs769369441;rs777311140;rs1202487323;rs1368252918;rs1457579126;rs1950545307	18	2	Normal Function;No Function;Uncertain Function
pypgx-rs	OPRK1	OPRK1		TRUE	TRUE	TRUE	FALSE	N/A	0			Indeterminate	2	Reference;rs6473797	2	0	0	3	1	rs6473797	1	0	Normal Function;Unknown Function
python-pypgx	OPRK1	OPRK1		TRUE	TRUE	TRUE	FALSE	N/A	0			Indeterminate	2	Reference;rs6473797	2	0	0	3	1	rs6473797	1	0	Normal Function;Unknown Function
pypgx-rs	OPRM1	OPRM1		TRUE	TRUE	TRUE	FALSE	N/A	0			Indeterminate	2	Reference;rs1799971	2	0	0	3	1	rs1799971	1	0	Normal Function;Unknown Function
python-pypgx	OPRM1	OPRM1		TRUE	TRUE	TRUE	FALSE	N/A	0			Indeterminate	2	Reference;rs1799971	2	0	0	3	1	rs1799971	1	0	Normal Function;Unknown Function
pypgx-rs	POR	POR		TRUE	TRUE	TRUE	FALSE	N/A	0			Indeterminate	47	*1;*2;*3;*4;*5;*6;*7;*8;*9;*10;*11;*12;*13;*14;*15;*16;*17;*18;*19;*20;*21;*22;*23;*24;*25;*26;*27;*28;*29;*30;*31;*32;*33;*34;*35;*36;*37;*38;*39;*40;*42;*43;*44;*45;*46;*47;*48	47	0	0	1128	30	rs1057868;rs17853284;rs28931606;rs28931607;rs28931608;rs56256515;rs56355228;rs72552771;rs72552772;rs121912974;rs121912975;rs121912976;rs145782750;rs199634961;rs200112691;rs201513102;rs373737641;rs567904247;rs781890088;rs781946801;rs782128221;rs782424131;rs782497209;rs782804219;rs786205099;rs786205875;rs786205876;rs786205878;rs1304915832;rs1312625886	46	15	Normal Function;No Function;Decreased Function;Unknown Function
python-pypgx	POR	POR		TRUE	TRUE	TRUE	FALSE	N/A	0			Indeterminate	47	*1;*2;*3;*4;*5;*6;*7;*8;*9;*10;*11;*12;*13;*14;*15;*16;*17;*18;*19;*20;*21;*22;*23;*24;*25;*26;*27;*28;*29;*30;*31;*32;*33;*34;*35;*36;*37;*38;*39;*40;*42;*43;*44;*45;*46;*47;*48	47	0	0	1128	30	rs1057868;rs17853284;rs28931606;rs28931607;rs28931608;rs56256515;rs56355228;rs72552771;rs72552772;rs121912974;rs121912975;rs121912976;rs145782750;rs199634961;rs200112691;rs201513102;rs373737641;rs567904247;rs781890088;rs781946801;rs782128221;rs782424131;rs782497209;rs782804219;rs786205099;rs786205875;rs786205876;rs786205878;rs1304915832;rs1312625886	46	15	Normal Function;No Function;Decreased Function;Unknown Function
pypgx-rs	PTGIS	PTGIS		TRUE	TRUE	TRUE	FALSE	N/A	0			Indeterminate	10	*1;*1D;*1E;*1G;*1J;*2;*3;*4;*5;*6	10	0	0	55	6	rs5622;rs13306027;rs56195291;rs146531327;rs773006734;rs1173082660	9	0	Normal Function;Increased Function;Unknown Function
python-pypgx	PTGIS	PTGIS		TRUE	TRUE	TRUE	FALSE	N/A	0			Indeterminate	10	*1;*1D;*1E;*1G;*1J;*2;*3;*4;*5;*6	10	0	0	55	6	rs5622;rs13306027;rs56195291;rs146531327;rs773006734;rs1173082660	9	0	Normal Function;Increased Function;Unknown Function
pypgx-rs	RARG	RARG		TRUE	TRUE	TRUE	FALSE	N/A	0			Indeterminate	2	Reference;rs2229774	2	0	0	3	1	rs2229774	1	0	Normal Function;Unknown Function
python-pypgx	RARG	RARG		TRUE	TRUE	TRUE	FALSE	N/A	0			Indeterminate	2	Reference;rs2229774	2	0	0	3	1	rs2229774	1	0	Normal Function;Unknown Function
pypgx-rs	RYR1	RYR1		TRUE	TRUE	TRUE	FALSE	Diplotype	2	Uncertain Susceptibility;Malignant Hyperthermia Susceptibility	phenotype-table;diplotype-table	Indeterminate	49	Reference;c.103T>C;c.130C>T;c.487C>T;c.488G>T;c.742G>A;c.742G>C;c.982C>T;c.1021G>A;c.1021G>C;c.1201C>T;c.1209C>G;c.1565A>C;c.1589G>A;c.1597C>T;c.1598G>A;c.1654C>T;c.1840C>T;c.1841G>T;c.6487C>T;c.6488G>A;c.6502G>A;c.6617C>G;c.6617C>T;c.7007G>A;c.7039_7041delGAG;c.7048G>A;c.7063C>T;c.7124G>C;c.7282G>A;c.7300G>A;c.7304G>A;c.7354C>T;c.7360C>T;c.7361G>A;c.7372C>T;c.7373G>A;c.7522C>G;c.7522C>T;c.7523G>A;c.9310G>A;c.11969G>T;c.14387A>G;c.14477C>T;c.14497C>T;c.14512C>G;c.14545G>A;c.14582G>A;c.14693T>C	49	0	1225	1225	44	rs1801086;rs28933396;rs28933397;rs63749869;rs111888148;rs112563513;rs118192116;rs118192122;rs118192124;rs118192161;rs118192162;rs118192163;rs118192167;rs118192168;rs118192170;rs118192172;rs118192175;rs118192176;rs118192177;rs118192178;rs121918592;rs121918593;rs121918594;rs121918595;rs121918596;rs144336148;rs193922747;rs193922748;rs193922753;rs193922762;rs193922764;rs193922768;rs193922770;rs193922772;rs193922802;rs193922803;rs193922807;rs193922809;rs193922816;rs193922818;rs193922832;rs193922843;rs193922876;rs193922878	48	0	Normal Function;Malignant Hyperthermia Associated;Uncertain Function
python-pypgx	RYR1	RYR1		TRUE	TRUE	TRUE	FALSE	Diplotype	2	Uncertain Susceptibility;Malignant Hyperthermia Susceptibility	phenotype-table;diplotype-table	Indeterminate	49	Reference;c.103T>C;c.130C>T;c.487C>T;c.488G>T;c.742G>A;c.742G>C;c.982C>T;c.1021G>A;c.1021G>C;c.1201C>T;c.1209C>G;c.1565A>C;c.1589G>A;c.1597C>T;c.1598G>A;c.1654C>T;c.1840C>T;c.1841G>T;c.6487C>T;c.6488G>A;c.6502G>A;c.6617C>G;c.6617C>T;c.7007G>A;c.7039_7041delGAG;c.7048G>A;c.7063C>T;c.7124G>C;c.7282G>A;c.7300G>A;c.7304G>A;c.7354C>T;c.7360C>T;c.7361G>A;c.7372C>T;c.7373G>A;c.7522C>G;c.7522C>T;c.7523G>A;c.9310G>A;c.11969G>T;c.14387A>G;c.14477C>T;c.14497C>T;c.14512C>G;c.14545G>A;c.14582G>A;c.14693T>C	49	0	1225	1225	44	rs1801086;rs28933396;rs28933397;rs63749869;rs111888148;rs112563513;rs118192116;rs118192122;rs118192124;rs118192161;rs118192162;rs118192163;rs118192167;rs118192168;rs118192170;rs118192172;rs118192175;rs118192176;rs118192177;rs118192178;rs121918592;rs121918593;rs121918594;rs121918595;rs121918596;rs144336148;rs193922747;rs193922748;rs193922753;rs193922762;rs193922764;rs193922768;rs193922770;rs193922772;rs193922802;rs193922803;rs193922807;rs193922809;rs193922816;rs193922818;rs193922832;rs193922843;rs193922876;rs193922878	48	0	Normal Function;Malignant Hyperthermia Associated;Uncertain Function
pypgx-rs	SLC6A4	SLC6A4		TRUE	TRUE	TRUE	FALSE	N/A	0			Indeterminate	2	Reference;rs25531	2	0	0	3	1	rs25531	1	0	Normal Function;Unknown Function
python-pypgx	SLC6A4	SLC6A4		TRUE	TRUE	TRUE	FALSE	N/A	0			Indeterminate	2	Reference;rs25531	2	0	0	3	1	rs25531	1	0	Normal Function;Unknown Function
pypgx-rs	SLC15A2	SLC15A2		TRUE	TRUE	TRUE	FALSE	N/A	0			Indeterminate	2	*1;*2	2	0	0	3	3	rs1143671;rs1143672;rs2257212	3	0	Normal Function;Unknown Function
python-pypgx	SLC15A2	SLC15A2		TRUE	TRUE	TRUE	FALSE	N/A	0			Indeterminate	2	*1;*2	2	0	0	3	3	rs1143671;rs1143672;rs2257212	3	0	Normal Function;Unknown Function
pypgx-rs	SLC22A2	SLC22A2		TRUE	TRUE	TRUE	TRUE	N/A	0			Indeterminate	11	*1;*2;*3;*4;*5;*6;*7;*8;*K432Q;*S1;*S2	9	2	0	45	8	rs316003;rs316019;rs624249;rs8177509;rs8177510;rs8177516;rs8177517;rs8177518	8	0	Normal Function;Unknown Function
python-pypgx	SLC22A2	SLC22A2		TRUE	TRUE	TRUE	TRUE	N/A	0			Indeterminate	11	*1;*2;*3;*4;*5;*6;*7;*8;*K432Q;*S1;*S2	9	2	0	45	8	rs316003;rs316019;rs624249;rs8177509;rs8177510;rs8177516;rs8177517;rs8177518	8	0	Normal Function;Unknown Function
pypgx-rs	SLC28A3	SLC28A3		TRUE	TRUE	TRUE	FALSE	N/A	0			Indeterminate	2	Reference;rs7853758	2	0	0	3	1	rs7853758	1	0	Normal Function;Unknown Function
python-pypgx	SLC28A3	SLC28A3		TRUE	TRUE	TRUE	FALSE	N/A	0			Indeterminate	2	Reference;rs7853758	2	0	0	3	1	rs7853758	1	0	Normal Function;Unknown Function
pypgx-rs	SLC47A2	SLC47A2		TRUE	TRUE	TRUE	FALSE	N/A	0			Indeterminate	2	Reference;rs12943590	2	0	0	3	1	rs12943590	1	0	Normal Function;Unknown Function
python-pypgx	SLC47A2	SLC47A2		TRUE	TRUE	TRUE	FALSE	N/A	0			Indeterminate	2	Reference;rs12943590	2	0	0	3	1	rs12943590	1	0	Normal Function;Unknown Function
pypgx-rs	SLCO1B3	SLCO1B3		TRUE	TRUE	TRUE	FALSE	N/A	0			Indeterminate	2	Reference;rs7311358	2	0	0	3	4	rs4149118;rs7311358;rs11045585;rs397689574	4	0	Normal Function;Decreased Function
python-pypgx	SLCO1B3	SLCO1B3		TRUE	TRUE	TRUE	FALSE	N/A	0			Indeterminate	2	Reference;rs7311358	2	0	0	3	4	rs4149118;rs7311358;rs11045585;rs397689574	4	0	Normal Function;Decreased Function
pypgx-rs	SLCO2B1	SLCO2B1		TRUE	TRUE	TRUE	FALSE	N/A	0			Indeterminate	3	*1;*S464F;*S1	3	0	0	6	2	rs2306168;rs60113013	2	0	Normal Function;Unknown Function
python-pypgx	SLCO2B1	SLCO2B1		TRUE	TRUE	TRUE	FALSE	N/A	0			Indeterminate	3	*1;*S464F;*S1	3	0	0	6	2	rs2306168;rs60113013	2	0	Normal Function;Unknown Function
pypgx-rs	SULT1A1	SULT1A1		TRUE	TRUE	TRUE	TRUE	N/A	0			Indeterminate	4	*1;*DEL;*2;*3	3	1	0	6	4	rs1126446;rs1126447;rs1801030;rs9282861	4	0	Normal Function;Unknown Function;Decreased Function
python-pypgx	SULT1A1	SULT1A1		TRUE	TRUE	TRUE	TRUE	N/A	0			Indeterminate	4	*1;*DEL;*2;*3	3	1	0	6	4	rs1126446;rs1126447;rs1801030;rs9282861	4	0	Normal Function;Unknown Function;Decreased Function
pypgx-rs	TBXAS1	TBXAS1		TRUE	TRUE	TRUE	FALSE	N/A	0			Indeterminate	9	*1;*2;*3;*4;*5;*6;*7;*8;*9	9	0	0	45	8	rs4528;rs4529;rs5763;rs5768;rs6138;rs8192868;rs41311778;rs55856189	8	0	Normal Function;Unknown Function;Decreased Function
python-pypgx	TBXAS1	TBXAS1		TRUE	TRUE	TRUE	FALSE	N/A	0			Indeterminate	9	*1;*2;*3;*4;*5;*6;*7;*8;*9	9	0	0	45	8	rs4528;rs4529;rs5763;rs5768;rs6138;rs8192868;rs41311778;rs55856189	8	0	Normal Function;Unknown Function;Decreased Function
pypgx-rs	TPMT	TPMT		TRUE	TRUE	TRUE	FALSE	Diplotype	5	Intermediate Metabolizer;Normal Metabolizer;Poor Metabolizer;Possible Intermediate Metabolizer;Indeterminate	phenotype-table;diplotype-table	Indeterminate	46	*1;*2;*3A;*3B;*3C;*4;*5;*6;*7;*8;*9;*10;*11;*12;*13;*14;*15;*16;*17;*18;*19;*20;*21;*22;*23;*24;*25;*26;*27;*28;*29;*30;*31;*32;*33;*34;*35;*36;*37;*38;*39;*40;*41;*42;*43;*44	46	0	946	1081	37	rs1142345;rs1800460;rs1800462;rs1800584;rs6921269;rs9333569;rs9333570;rs56161402;rs72552736;rs72552737;rs72552738;rs72552740;rs72552742;rs72556347;rs74423290;rs75543815;rs79901429;rs111901354;rs112339338;rs115106679;rs139392616;rs144041067;rs150900439;rs151149760;rs200220210;rs200591577;rs201695576;rs267607275;rs281874771;rs377085266;rs398122996;rs750424422;rs753545734;rs759836180;rs772832951;rs777686348;rs1256618794	45	6	Normal Function;No Function;Uncertain Function;Unknown Function
python-pypgx	TPMT	TPMT		TRUE	TRUE	TRUE	FALSE	Diplotype	5	Intermediate Metabolizer;Normal Metabolizer;Poor Metabolizer;Possible Intermediate Metabolizer;Indeterminate	phenotype-table;diplotype-table	Indeterminate	46	*1;*2;*3A;*3B;*3C;*4;*5;*6;*7;*8;*9;*10;*11;*12;*13;*14;*15;*16;*17;*18;*19;*20;*21;*22;*23;*24;*25;*26;*27;*28;*29;*30;*31;*32;*33;*34;*35;*36;*37;*38;*39;*40;*41;*42;*43;*44	46	0	946	1081	37	rs1142345;rs1800460;rs1800462;rs1800584;rs6921269;rs9333569;rs9333570;rs56161402;rs72552736;rs72552737;rs72552738;rs72552740;rs72552742;rs72556347;rs74423290;rs75543815;rs79901429;rs111901354;rs112339338;rs115106679;rs139392616;rs144041067;rs150900439;rs151149760;rs200220210;rs200591577;rs201695576;rs267607275;rs281874771;rs377085266;rs398122996;rs750424422;rs753545734;rs759836180;rs772832951;rs777686348;rs1256618794	45	6	Normal Function;No Function;Uncertain Function;Unknown Function
pypgx-rs	UGT1A4	UGT1A4		TRUE	TRUE	TRUE	TRUE	N/A	0			Indeterminate	12	*1;*2;*3A;*3B;*4;*5;*6;*7;*8;*S1;*S2;*S3	9	3	0	45	11	rs2011219;rs2011425;rs3732217;rs3732218;rs3732219;rs3892221;rs6755571;rs12468274;rs183802414;rs539093785;rs562977700	13	2	Normal Function;Unknown Function;Decreased Function
python-pypgx	UGT1A4	UGT1A4		TRUE	TRUE	TRUE	TRUE	N/A	0			Indeterminate	12	*1;*2;*3A;*3B;*4;*5;*6;*7;*8;*S1;*S2;*S3	9	3	0	45	11	rs2011219;rs2011425;rs3732217;rs3732218;rs3732219;rs3892221;rs6755571;rs12468274;rs183802414;rs539093785;rs562977700	13	2	Normal Function;Unknown Function;Decreased Function
pypgx-rs	UGT1A6	UGT1A6		TRUE	TRUE	TRUE	FALSE	N/A	0			Indeterminate	2	Reference;rs17863783	2	0	0	3	1	rs17863783	1	0	Normal Function;Unknown Function
python-pypgx	UGT1A6	UGT1A6		TRUE	TRUE	TRUE	FALSE	N/A	0			Indeterminate	2	Reference;rs17863783	2	0	0	3	1	rs17863783	1	0	Normal Function;Unknown Function
pypgx-rs	UGT2B7	UGT2B7		TRUE	TRUE	TRUE	FALSE	N/A	0			Indeterminate	4	*1;*2;*3;*4	4	0	0	10	3	rs7439366;rs12233719;rs776991562	3	0	Normal Function;Unknown Function
python-pypgx	UGT2B7	UGT2B7		TRUE	TRUE	TRUE	FALSE	N/A	0			Indeterminate	4	*1;*2;*3;*4	4	0	0	10	3	rs7439366;rs12233719;rs776991562	3	0	Normal Function;Unknown Function
pypgx-rs	UGT2B15	UGT2B15		TRUE	TRUE	TRUE	TRUE	N/A	0			Indeterminate	11	*1;*2;*3;*4;*5;*6;*7;*S1;*S2;*S3;*S4	7	4	0	28	4	rs1902023;rs4148269;rs148583958;rs368012995	4	0	Normal Function;Unknown Function;No Function
python-pypgx	UGT2B15	UGT2B15		TRUE	TRUE	TRUE	TRUE	N/A	0			Indeterminate	11	*1;*2;*3;*4;*5;*6;*7;*S1;*S2;*S3;*S4	7	4	0	28	4	rs1902023;rs4148269;rs148583958;rs368012995	4	0	Normal Function;Unknown Function;No Function
pypgx-rs	VKORC1	VKORC1		TRUE	TRUE	TRUE	FALSE	N/A	0			Indeterminate	2	Reference;rs9923231	2	0	0	3	1	rs9923231	1	0	Normal Function;Unknown Function
python-pypgx	VKORC1	VKORC1		TRUE	TRUE	TRUE	FALSE	N/A	0			Indeterminate	2	Reference;rs9923231	2	0	0	3	1	rs9923231	1	0	Normal Function;Unknown Function
pypgx-rs	XPC	XPC		TRUE	TRUE	TRUE	FALSE	N/A	0			Indeterminate	3	Reference;rs2228001;rs2228000	3	0	0	6	2	rs2228000;rs2228001	2	0	Normal Function;Unknown Function
python-pypgx	XPC	XPC		TRUE	TRUE	TRUE	FALSE	N/A	0			Indeterminate	3	Reference;rs2228001;rs2228000	3	0	0	6	2	rs2228000;rs2228001	2	0	Normal Function;Unknown Function
